,env,batch_size,use_target,num_hidden,learn_rate,memory_size,discount_factor,run,scores,l2_norms,maxQs,soft_convergence_thresh
0,CartPole-v1,64,250,128,0.001,64,0.8,0,"[9.0, 10.0, 10.0, 8.0, 10.0, 9.0, 9.0, 10.0, 10.0, 9.0]","[tensor(7.4658), tensor(7.4658), tensor(7.4658), tensor(7.4658), tensor(7.4658), tensor(7.4658), tensor(7.4668), tensor(7.4805), tensor(7.4960), tensor(7.5027)]","[None, None, None, None, None, None, None, 1.1033656597137451, 1.667760968208313, 1.8969131708145142]",5.000000000000001
1,CartPole-v1,64,250,128,0.001,5000,0.8,0,"[9.0, 10.0, 10.0, 8.0, 10.0, 9.0, 9.0, 10.0, 10.0, 9.0]","[tensor(7.4658), tensor(7.4658), tensor(7.4658), tensor(7.4658), tensor(7.4658), tensor(7.4658), tensor(7.4668), tensor(7.4800), tensor(7.4955), tensor(7.5019)]","[None, None, None, None, None, None, None, 1.1027617454528809, 1.6907093524932861, 1.9245060682296753]",5.000000000000001
2,CartPole-v1,64,250,128,0.001,10000,0.8,0,"[9.0, 10.0, 10.0, 8.0, 10.0, 9.0, 9.0, 10.0, 10.0, 9.0]","[tensor(7.4658), tensor(7.4658), tensor(7.4658), tensor(7.4658), tensor(7.4658), tensor(7.4658), tensor(7.4668), tensor(7.4800), tensor(7.4955), tensor(7.5019)]","[None, None, None, None, None, None, None, 1.1027617454528809, 1.6907093524932861, 1.9245060682296753]",5.000000000000001
3,CartPole-v1,64,250,128,0.001,20000,0.8,0,"[9.0, 10.0, 10.0, 8.0, 10.0, 9.0, 9.0, 10.0, 10.0, 9.0]","[tensor(7.4658), tensor(7.4658), tensor(7.4658), tensor(7.4658), tensor(7.4658), tensor(7.4658), tensor(7.4668), tensor(7.4800), tensor(7.4955), tensor(7.5019)]","[None, None, None, None, None, None, None, 1.1027617454528809, 1.6907093524932861, 1.9245060682296753]",5.000000000000001
4,CartPole-v1,64,250,128,0.001,64,0.8,0,"[9.0, 10.0, 10.0, 8.0, 10.0, 9.0, 9.0, 10.0, 10.0, 9.0]","[tensor(7.4658), tensor(7.4658), tensor(7.4658), tensor(7.4658), tensor(7.4658), tensor(7.4658), tensor(7.4668), tensor(7.4805), tensor(7.4960), tensor(7.5027)]","[None, None, None, None, None, None, None, 1.1033656597137451, 1.667760968208313, 1.8969131708145142]",5.000000000000001
5,CartPole-v1,64,250,128,0.001,5000,0.8,0,"[9.0, 10.0, 10.0, 8.0, 10.0, 9.0, 9.0, 10.0, 10.0, 9.0]","[tensor(7.4658), tensor(7.4658), tensor(7.4658), tensor(7.4658), tensor(7.4658), tensor(7.4658), tensor(7.4668), tensor(7.4800), tensor(7.4955), tensor(7.5019)]","[None, None, None, None, None, None, None, 1.1027617454528809, 1.6907093524932861, 1.9245060682296753]",5.000000000000001
6,CartPole-v1,64,250,128,0.001,10000,0.8,0,"[9.0, 10.0, 10.0, 8.0, 10.0, 9.0, 9.0, 10.0, 10.0, 9.0]","[tensor(7.4658), tensor(7.4658), tensor(7.4658), tensor(7.4658), tensor(7.4658), tensor(7.4658), tensor(7.4668), tensor(7.4800), tensor(7.4955), tensor(7.5019)]","[None, None, None, None, None, None, None, 1.1027617454528809, 1.6907093524932861, 1.9245060682296753]",5.000000000000001
7,CartPole-v1,64,250,128,0.001,20000,0.8,0,"[9.0, 10.0, 10.0, 8.0, 10.0, 9.0, 9.0, 10.0, 10.0, 9.0]","[tensor(7.4658), tensor(7.4658), tensor(7.4658), tensor(7.4658), tensor(7.4658), tensor(7.4658), tensor(7.4668), tensor(7.4800), tensor(7.4955), tensor(7.5019)]","[None, None, None, None, None, None, None, 1.1027617454528809, 1.6907093524932861, 1.9245060682296753]",5.000000000000001
8,CartPole-v1,64,250,128,0.001,64,0.8,1,"[89.0, 54.0, 15.0, 11.0, 8.0, 9.0, 10.0, 8.0, 9.0, 9.0]","[tensor(7.3120), tensor(7.5108), tensor(7.4932), tensor(7.4781), tensor(7.4697), tensor(7.4654), tensor(7.4703), tensor(7.4798), tensor(7.4944), tensor(7.5133)]","[None, 2.072571277618408, 2.0666873455047607, 2.1377105712890625, 2.3899383544921875, 2.6175713539123535, 2.538691282272339, 2.332555055618286, 2.3050453662872314, 2.112300395965576]",5.000000000000001
9,CartPole-v1,64,250,128,0.001,5000,0.8,1,"[89.0, 55.0, 15.0, 12.0, 10.0, 9.0, 10.0, 9.0, 11.0, 9.0]","[tensor(7.3126), tensor(7.5193), tensor(7.5135), tensor(7.5006), tensor(7.4910), tensor(7.4862), tensor(7.4870), tensor(7.4918), tensor(7.5019), tensor(7.5065)]","[None, 2.0015311241149902, 1.9949665069580078, 2.090240478515625, 2.343864679336548, 2.4081735610961914, 2.706509590148926, 2.5226645469665527, 2.3420233726501465, 2.3519206047058105]",5.000000000000001
10,CartPole-v1,64,250,128,0.001,10000,0.8,1,"[89.0, 55.0, 15.0, 12.0, 10.0, 9.0, 10.0, 9.0, 11.0, 9.0]","[tensor(7.3126), tensor(7.5193), tensor(7.5135), tensor(7.5006), tensor(7.4910), tensor(7.4862), tensor(7.4870), tensor(7.4918), tensor(7.5019), tensor(7.5065)]","[None, 2.0015311241149902, 1.9949665069580078, 2.090240478515625, 2.343864679336548, 2.4081735610961914, 2.706509590148926, 2.5226645469665527, 2.3420233726501465, 2.3519206047058105]",5.000000000000001
11,CartPole-v1,64,250,128,0.001,20000,0.8,1,"[89.0, 55.0, 15.0, 12.0, 10.0, 9.0, 10.0, 9.0, 11.0, 9.0]","[tensor(7.3126), tensor(7.5193), tensor(7.5135), tensor(7.5006), tensor(7.4910), tensor(7.4862), tensor(7.4870), tensor(7.4918), tensor(7.5019), tensor(7.5065)]","[None, 2.0015311241149902, 1.9949665069580078, 2.090240478515625, 2.343864679336548, 2.4081735610961914, 2.706509590148926, 2.5226645469665527, 2.3420233726501465, 2.3519206047058105]",5.000000000000001
12,CartPole-v1,64,250,128,0.001,64,0.8,1,"[89.0, 54.0, 15.0, 11.0, 8.0, 9.0, 10.0, 8.0, 9.0, 9.0]","[tensor(7.3120), tensor(7.5108), tensor(7.4932), tensor(7.4781), tensor(7.4697), tensor(7.4654), tensor(7.4703), tensor(7.4798), tensor(7.4944), tensor(7.5133)]","[None, 2.072571277618408, 2.0666873455047607, 2.1377105712890625, 2.3899383544921875, 2.6175713539123535, 2.538691282272339, 2.332555055618286, 2.3050453662872314, 2.112300395965576]",5.000000000000001
13,CartPole-v1,64,250,128,0.001,5000,0.8,1,"[89.0, 55.0, 15.0, 12.0, 10.0, 9.0, 10.0, 9.0, 11.0, 9.0]","[tensor(7.3126), tensor(7.5193), tensor(7.5135), tensor(7.5006), tensor(7.4910), tensor(7.4862), tensor(7.4870), tensor(7.4918), tensor(7.5019), tensor(7.5065)]","[None, 2.0015311241149902, 1.9949665069580078, 2.090240478515625, 2.343864679336548, 2.4081735610961914, 2.706509590148926, 2.5226645469665527, 2.3420233726501465, 2.3519206047058105]",5.000000000000001
14,CartPole-v1,64,250,128,0.001,10000,0.8,1,"[89.0, 55.0, 15.0, 12.0, 10.0, 9.0, 10.0, 9.0, 11.0, 9.0]","[tensor(7.3126), tensor(7.5193), tensor(7.5135), tensor(7.5006), tensor(7.4910), tensor(7.4862), tensor(7.4870), tensor(7.4918), tensor(7.5019), tensor(7.5065)]","[None, 2.0015311241149902, 1.9949665069580078, 2.090240478515625, 2.343864679336548, 2.4081735610961914, 2.706509590148926, 2.5226645469665527, 2.3420233726501465, 2.3519206047058105]",5.000000000000001
15,CartPole-v1,64,250,128,0.001,20000,0.8,1,"[89.0, 55.0, 15.0, 12.0, 10.0, 9.0, 10.0, 9.0, 11.0, 9.0]","[tensor(7.3126), tensor(7.5193), tensor(7.5135), tensor(7.5006), tensor(7.4910), tensor(7.4862), tensor(7.4870), tensor(7.4918), tensor(7.5019), tensor(7.5065)]","[None, 2.0015311241149902, 1.9949665069580078, 2.090240478515625, 2.343864679336548, 2.4081735610961914, 2.706509590148926, 2.5226645469665527, 2.3420233726501465, 2.3519206047058105]",5.000000000000001
16,CartPole-v1,64,250,128,0.001,64,0.8,2,"[10.0, 9.0, 10.0, 10.0, 9.0, 8.0, 11.0, 10.0, 10.0, 10.0]","[tensor(7.3038), tensor(7.3038), tensor(7.3038), tensor(7.3038), tensor(7.3038), tensor(7.3038), tensor(7.3031), tensor(7.3065), tensor(7.3145), tensor(7.3178)]","[None, None, None, None, None, None, None, 1.1490473747253418, 1.6620737314224243, 1.877738118171692]",5.000000000000001
17,CartPole-v1,64,250,128,0.001,5000,0.8,2,"[10.0, 9.0, 10.0, 10.0, 9.0, 8.0, 11.0, 10.0, 10.0, 10.0]","[tensor(7.3038), tensor(7.3038), tensor(7.3038), tensor(7.3038), tensor(7.3038), tensor(7.3038), tensor(7.3031), tensor(7.3068), tensor(7.3167), tensor(7.3219)]","[None, None, None, None, None, None, None, 1.0873924493789673, 1.6659828424453735, 1.891232967376709]",5.000000000000001
18,CartPole-v1,64,250,128,0.001,10000,0.8,2,"[10.0, 9.0, 10.0, 10.0, 9.0, 8.0, 11.0, 10.0, 10.0, 10.0]","[tensor(7.3038), tensor(7.3038), tensor(7.3038), tensor(7.3038), tensor(7.3038), tensor(7.3038), tensor(7.3031), tensor(7.3068), tensor(7.3167), tensor(7.3219)]","[None, None, None, None, None, None, None, 1.0873924493789673, 1.6659828424453735, 1.891232967376709]",5.000000000000001
19,CartPole-v1,64,250,128,0.001,20000,0.8,2,"[10.0, 9.0, 10.0, 10.0, 9.0, 8.0, 11.0, 10.0, 10.0, 10.0]","[tensor(7.3038), tensor(7.3038), tensor(7.3038), tensor(7.3038), tensor(7.3038), tensor(7.3038), tensor(7.3031), tensor(7.3068), tensor(7.3167), tensor(7.3219)]","[None, None, None, None, None, None, None, 1.0873924493789673, 1.6659828424453735, 1.891232967376709]",5.000000000000001
20,CartPole-v1,64,250,128,0.001,64,0.8,2,"[10.0, 9.0, 10.0, 10.0, 9.0, 8.0, 11.0, 10.0, 10.0, 10.0]","[tensor(7.3038), tensor(7.3038), tensor(7.3038), tensor(7.3038), tensor(7.3038), tensor(7.3038), tensor(7.3031), tensor(7.3065), tensor(7.3145), tensor(7.3178)]","[None, None, None, None, None, None, None, 1.1490473747253418, 1.6620737314224243, 1.877738118171692]",5.000000000000001
21,CartPole-v1,64,250,128,0.001,5000,0.8,2,"[10.0, 9.0, 10.0, 10.0, 9.0, 8.0, 11.0, 10.0, 10.0, 10.0]","[tensor(7.3038), tensor(7.3038), tensor(7.3038), tensor(7.3038), tensor(7.3038), tensor(7.3038), tensor(7.3031), tensor(7.3068), tensor(7.3167), tensor(7.3219)]","[None, None, None, None, None, None, None, 1.0873924493789673, 1.6659828424453735, 1.891232967376709]",5.000000000000001
22,CartPole-v1,64,250,128,0.001,10000,0.8,2,"[10.0, 9.0, 10.0, 10.0, 9.0, 8.0, 11.0, 10.0, 10.0, 10.0]","[tensor(7.3038), tensor(7.3038), tensor(7.3038), tensor(7.3038), tensor(7.3038), tensor(7.3038), tensor(7.3031), tensor(7.3068), tensor(7.3167), tensor(7.3219)]","[None, None, None, None, None, None, None, 1.0873924493789673, 1.6659828424453735, 1.891232967376709]",5.000000000000001
23,CartPole-v1,64,250,128,0.001,20000,0.8,2,"[10.0, 9.0, 10.0, 10.0, 9.0, 8.0, 11.0, 10.0, 10.0, 10.0]","[tensor(7.3038), tensor(7.3038), tensor(7.3038), tensor(7.3038), tensor(7.3038), tensor(7.3038), tensor(7.3031), tensor(7.3068), tensor(7.3167), tensor(7.3219)]","[None, None, None, None, None, None, None, 1.0873924493789673, 1.6659828424453735, 1.891232967376709]",5.000000000000001
24,Acrobot-v1,64,250,256,0.001,64,0.99,0,"[-305.0, -500.0, -443.0, -116.0, -111.0, -160.0, -370.0, -354.0, -348.0, -176.0]","[tensor(14.0969), tensor(14.1280), tensor(14.5223), tensor(14.9229), tensor(15.0886), tensor(15.1753), tensor(15.8994), tensor(16.2230), tensor(16.5628), tensor(16.6396)]","[None, 24.835065841674805, 31.888402938842773, 32.65711975097656, 29.700910568237305, 32.21147537231445, 41.021873474121094, 38.73673629760742, 30.93301010131836, 26.652942657470703]",99.99999999999991
25,Acrobot-v1,64,250,256,0.001,5000,0.99,0,"[-472.0, -183.0, -215.0, -186.0, -305.0, -227.0, -212.0, -253.0, -497.0, -273.0]","[tensor(16.1398), tensor(16.9847), tensor(18.3258), tensor(18.6549), tensor(19.0733), tensor(19.3712), tensor(19.6339), tensor(19.8467), tensor(20.2234), tensor(20.4044)]","[None, 91.30371856689453, 88.91082763671875, 88.67887878417969, 89.3807373046875, 89.69100952148438, 90.74504089355469, 91.028076171875, 91.54415893554688, 90.65803527832031]",99.99999999999991
26,Acrobot-v1,64,250,256,0.001,10000,0.99,0,"[-472.0, -183.0, -215.0, -186.0, -305.0, -227.0, -212.0, -253.0, -497.0, -273.0]","[tensor(16.1398), tensor(16.9847), tensor(18.3258), tensor(18.6549), tensor(19.0733), tensor(19.3712), tensor(19.6339), tensor(19.8467), tensor(20.2234), tensor(20.4044)]","[None, 91.30371856689453, 88.91082763671875, 88.67887878417969, 89.3807373046875, 89.69100952148438, 90.74504089355469, 91.028076171875, 91.54415893554688, 90.65803527832031]",99.99999999999991
27,Acrobot-v1,64,250,256,0.001,20000,0.99,0,"[-472.0, -183.0, -215.0, -186.0, -305.0, -227.0, -212.0, -253.0, -497.0, -273.0]","[tensor(16.1398), tensor(16.9847), tensor(18.3258), tensor(18.6549), tensor(19.0733), tensor(19.3712), tensor(19.6339), tensor(19.8467), tensor(20.2234), tensor(20.4044)]","[None, 91.30371856689453, 88.91082763671875, 88.67887878417969, 89.3807373046875, 89.69100952148438, 90.74504089355469, 91.028076171875, 91.54415893554688, 90.65803527832031]",99.99999999999991
28,Acrobot-v1,64,250,256,0.001,64,0.99,0,"[-333.0, -305.0, -500.0, -500.0, -500.0, -500.0, -500.0, -500.0, -500.0, -500.0]","[tensor(12.5505), tensor(14.8929), tensor(14.9050), tensor(14.7333), tensor(14.7035), tensor(14.6989), tensor(14.6986), tensor(14.7001), tensor(14.7003), tensor(14.6972)]","[None, 51.463890075683594, 51.7966423034668, 21.422460556030273, 19.766759872436523, 19.100128173828125, 19.369064331054688, 19.375288009643555, 19.566049575805664, 19.096982955932617]",99.99999999999991
29,Acrobot-v1,64,250,256,0.001,5000,0.99,0,"[-472.0, -500.0, -189.0, -207.0, -175.0, -219.0, -176.0, -205.0, -223.0, -193.0]","[tensor(16.3481), tensor(16.3980), tensor(16.3980), tensor(16.3980), tensor(16.3980), tensor(16.3980), tensor(16.3980), tensor(16.3980), tensor(16.3980), tensor(16.3980)]","[None, 176.6057586669922, 170.82786560058594, 170.82786560058594, 170.82786560058594, 170.82786560058594, 170.82786560058594, 170.82786560058594, 170.82786560058594, 170.82786560058594]",99.99999999999991
30,Acrobot-v1,64,250,256,0.001,10000,0.99,0,"[-472.0, -500.0, -189.0, -207.0, -175.0, -219.0, -176.0, -205.0, -223.0, -193.0]","[tensor(16.3481), tensor(16.3980), tensor(16.3980), tensor(16.3980), tensor(16.3980), tensor(16.3980), tensor(16.3980), tensor(16.3980), tensor(16.3980), tensor(16.3980)]","[None, 176.6057586669922, 170.82786560058594, 170.82786560058594, 170.82786560058594, 170.82786560058594, 170.82786560058594, 170.82786560058594, 170.82786560058594, 170.82786560058594]",99.99999999999991
31,Acrobot-v1,64,250,256,0.001,20000,0.99,0,"[-472.0, -500.0, -189.0, -207.0, -175.0, -219.0, -176.0, -205.0, -223.0, -193.0]","[tensor(16.3481), tensor(16.3980), tensor(16.3980), tensor(16.3980), tensor(16.3980), tensor(16.3980), tensor(16.3980), tensor(16.3980), tensor(16.3980), tensor(16.3980)]","[None, 176.6057586669922, 170.82786560058594, 170.82786560058594, 170.82786560058594, 170.82786560058594, 170.82786560058594, 170.82786560058594, 170.82786560058594, 170.82786560058594]",99.99999999999991
32,Acrobot-v1,64,250,256,0.001,64,0.99,1,"[-351.0, -88.0, -243.0, -104.0, -108.0, -296.0, -151.0, -239.0, -119.0, -145.0]","[tensor(14.8391), tensor(15.8434), tensor(16.4857), tensor(16.6392), tensor(16.7481), tensor(17.1102), tensor(17.1756), tensor(17.3250), tensor(17.4276), tensor(17.7048)]","[None, 51.964393615722656, 77.99522399902344, 76.15386962890625, 49.91177749633789, 48.35275650024414, 50.50415802001953, 50.50455856323242, 49.883087158203125, 54.983734130859375]",99.99999999999991
33,Acrobot-v1,64,250,256,0.001,5000,0.99,1,"[-500.0, -500.0, -500.0, -430.0, -500.0, -500.0, -309.0, -500.0, -325.0, -330.0]","[tensor(14.2360), tensor(14.9779), tensor(15.7196), tensor(16.1577), tensor(16.5820), tensor(16.9690), tensor(17.1593), tensor(17.4199), tensor(17.5803), tensor(17.7386)]","[None, 39.97205352783203, 43.19839859008789, 43.809322357177734, 43.98614501953125, 48.20825958251953, 48.715980529785156, 48.85858917236328, 49.14944839477539, 49.26170349121094]",99.99999999999991
34,Acrobot-v1,64,250,256,0.001,10000,0.99,1,"[-500.0, -500.0, -500.0, -430.0, -500.0, -500.0, -309.0, -500.0, -325.0, -330.0]","[tensor(14.2360), tensor(14.9779), tensor(15.7196), tensor(16.1577), tensor(16.5820), tensor(16.9690), tensor(17.1593), tensor(17.4199), tensor(17.5803), tensor(17.7386)]","[None, 39.97205352783203, 43.19839859008789, 43.809322357177734, 43.98614501953125, 48.20825958251953, 48.715980529785156, 48.85858917236328, 49.14944839477539, 49.26170349121094]",99.99999999999991
35,Acrobot-v1,64,250,256,0.001,20000,0.99,1,"[-500.0, -500.0, -500.0, -430.0, -500.0, -500.0, -309.0, -500.0, -325.0, -330.0]","[tensor(14.2360), tensor(14.9779), tensor(15.7196), tensor(16.1577), tensor(16.5820), tensor(16.9690), tensor(17.1593), tensor(17.4199), tensor(17.5803), tensor(17.7386)]","[None, 39.97205352783203, 43.19839859008789, 43.809322357177734, 43.98614501953125, 48.20825958251953, 48.715980529785156, 48.85858917236328, 49.14944839477539, 49.26170349121094]",99.99999999999991
36,Acrobot-v1,64,250,256,0.001,64,0.99,1,"[-500.0, -500.0, -230.0, -342.0, -500.0, -500.0, -500.0, -500.0, -500.0, -500.0]","[tensor(14.6395), tensor(14.6604), tensor(14.8696), tensor(15.5096), tensor(17.1540), tensor(17.2497), tensor(17.2824), tensor(17.3055), tensor(17.3202), tensor(17.3759)]","[None, 55.00247573852539, 76.91444396972656, 76.91444396972656, 58.377708435058594, 50.47282791137695, 49.526084899902344, 48.848018646240234, 48.138668060302734, 47.9581298828125]",99.99999999999991
37,Acrobot-v1,64,250,256,0.001,5000,0.99,1,"[-500.0, -500.0, -500.0, -500.0, -500.0, -500.0, -500.0, -500.0, -500.0, -500.0]","[tensor(14.5696), tensor(15.5488), tensor(15.8565), tensor(15.9876), tensor(16.0816), tensor(16.1556), tensor(16.2159), tensor(16.2636), tensor(16.3054), tensor(16.3473)]","[None, 50.22356033325195, 49.60050582885742, 49.63642501831055, 49.75443649291992, 49.67255783081055, 49.82012939453125, 49.679141998291016, 49.855106353759766, 49.8045539855957]",99.99999999999991
38,Acrobot-v1,64,250,256,0.001,10000,0.99,1,"[-500.0, -500.0, -500.0, -500.0, -500.0, -500.0, -500.0, -500.0, -500.0, -500.0]","[tensor(14.5696), tensor(15.5488), tensor(15.8565), tensor(15.9876), tensor(16.0816), tensor(16.1556), tensor(16.2159), tensor(16.2636), tensor(16.3054), tensor(16.3473)]","[None, 50.22356033325195, 49.60050582885742, 49.63642501831055, 49.75443649291992, 49.67255783081055, 49.82012939453125, 49.679141998291016, 49.855106353759766, 49.8045539855957]",99.99999999999991
39,Acrobot-v1,64,250,256,0.001,20000,0.99,1,"[-500.0, -500.0, -500.0, -500.0, -500.0, -500.0, -500.0, -500.0, -500.0, -500.0]","[tensor(14.5696), tensor(15.5488), tensor(15.8565), tensor(15.9876), tensor(16.0816), tensor(16.1556), tensor(16.2159), tensor(16.2636), tensor(16.3054), tensor(16.3473)]","[None, 50.22356033325195, 49.60050582885742, 49.63642501831055, 49.75443649291992, 49.67255783081055, 49.82012939453125, 49.679141998291016, 49.855106353759766, 49.8045539855957]",99.99999999999991
40,Acrobot-v1,64,250,256,0.001,64,0.99,2,"[-441.0, -201.0, -170.0, -166.0, -204.0, -209.0, -156.0, -167.0, -249.0, -181.0]","[tensor(16.3578), tensor(17.5279), tensor(17.8827), tensor(18.1194), tensor(18.2330), tensor(18.4160), tensor(18.8602), tensor(18.9588), tensor(19.2461), tensor(19.3463)]","[None, 53.81607437133789, 57.03866195678711, 58.19288635253906, 57.357120513916016, 55.15129089355469, 55.32536697387695, 55.13846969604492, 55.839927673339844, 55.58993911743164]",99.99999999999991
41,Acrobot-v1,64,250,256,0.001,5000,0.99,2,"[-374.0, -500.0, -500.0, -282.0, -500.0, -244.0, -197.0, -202.0, -195.0, -364.0]","[tensor(15.8602), tensor(17.7665), tensor(18.2870), tensor(18.5485), tensor(19.0347), tensor(19.3019), tensor(19.5032), tensor(19.6746), tensor(19.8433), tensor(20.1335)]","[None, 54.09323501586914, 60.09408187866211, 61.52006149291992, 61.079654693603516, 60.33634567260742, 60.645545959472656, 60.59638977050781, 60.2934684753418, 60.53413391113281]",99.99999999999991
42,Acrobot-v1,64,250,256,0.001,10000,0.99,2,"[-374.0, -500.0, -500.0, -282.0, -500.0, -244.0, -197.0, -202.0, -195.0, -364.0]","[tensor(15.8602), tensor(17.7665), tensor(18.2870), tensor(18.5485), tensor(19.0347), tensor(19.3019), tensor(19.5032), tensor(19.6746), tensor(19.8433), tensor(20.1335)]","[None, 54.09323501586914, 60.09408187866211, 61.52006149291992, 61.079654693603516, 60.33634567260742, 60.645545959472656, 60.59638977050781, 60.2934684753418, 60.53413391113281]",99.99999999999991
43,Acrobot-v1,64,250,256,0.001,20000,0.99,2,"[-374.0, -500.0, -500.0, -282.0, -500.0, -244.0, -197.0, -202.0, -195.0, -364.0]","[tensor(15.8602), tensor(17.7665), tensor(18.2870), tensor(18.5485), tensor(19.0347), tensor(19.3019), tensor(19.5032), tensor(19.6746), tensor(19.8433), tensor(20.1335)]","[None, 54.09323501586914, 60.09408187866211, 61.52006149291992, 61.079654693603516, 60.33634567260742, 60.645545959472656, 60.59638977050781, 60.2934684753418, 60.53413391113281]",99.99999999999991
44,Acrobot-v1,64,250,256,0.001,64,0.99,2,"[-500.0, -500.0, -500.0, -182.0, -104.0, -131.0, -160.0, -186.0, -162.0, -180.0]","[tensor(15.6923), tensor(15.9083), tensor(16.0248), tensor(16.1958), tensor(16.1958), tensor(16.1958), tensor(16.3350), tensor(16.6306), tensor(17.0381), tensor(17.4377)]","[None, 75.2907485961914, 91.03351593017578, 98.6472396850586, 98.64726257324219, 79.6412124633789, 79.6412124633789, 94.54197692871094, 94.53900909423828, 85.60692596435547]",99.99999999999991
45,Acrobot-v1,64,250,256,0.001,5000,0.99,2,"[-354.0, -314.0, -500.0, -183.0, -397.0, -360.0, -500.0, -500.0, -500.0, -500.0]","[tensor(14.6853), tensor(14.7427), tensor(14.7427), tensor(14.6793), tensor(14.6793), tensor(14.6793), tensor(14.6793), tensor(14.6793), tensor(15.0241), tensor(15.0819)]","[None, 75.52188110351562, 75.52188110351562, 74.67171478271484, 70.42044830322266, 74.92206573486328, 74.92206573486328, 74.92206573486328, 74.92206573486328, 76.00276184082031]",99.99999999999991
46,Acrobot-v1,64,250,256,0.001,10000,0.99,2,"[-354.0, -314.0, -500.0, -183.0, -397.0, -360.0, -500.0, -500.0, -500.0, -500.0]","[tensor(14.6853), tensor(14.7427), tensor(14.7427), tensor(14.6793), tensor(14.6793), tensor(14.6793), tensor(14.6793), tensor(14.6793), tensor(15.0241), tensor(15.0819)]","[None, 75.52188110351562, 75.52188110351562, 74.67171478271484, 70.42044830322266, 74.92206573486328, 74.92206573486328, 74.92206573486328, 74.92206573486328, 76.00276184082031]",99.99999999999991
47,Acrobot-v1,64,250,256,0.001,20000,0.99,2,"[-354.0, -314.0, -500.0, -183.0, -397.0, -360.0, -500.0, -500.0, -500.0, -500.0]","[tensor(14.6853), tensor(14.7427), tensor(14.7427), tensor(14.6793), tensor(14.6793), tensor(14.6793), tensor(14.6793), tensor(14.6793), tensor(15.0241), tensor(15.0819)]","[None, 75.52188110351562, 75.52188110351562, 74.67171478271484, 70.42044830322266, 74.92206573486328, 74.92206573486328, 74.92206573486328, 74.92206573486328, 76.00276184082031]",99.99999999999991
48,MountainCar-v0,64,250,128,0.0001,64,0.99,0,"[-200.0, -200.0, -200.0, -200.0, -200.0, -200.0, -200.0, -200.0, -200.0, -200.0]","[tensor(8.0635), tensor(8.0883), tensor(8.1122), tensor(8.1253), tensor(8.1308), tensor(8.1288), tensor(8.1280), tensor(8.1266), tensor(8.1265), tensor(8.1262)]","[None, 0.8192858695983887, 1.1998546123504639, 1.2059803009033203, 1.2845202684402466, 1.2045116424560547, 1.1895726919174194, 1.2015050649642944, 1.118335247039795, 1.1447871923446655]",99.99999999999991
49,MountainCar-v0,64,250,128,0.0001,5000,0.99,0,"[-200.0, -200.0, -200.0, -200.0, -200.0, -200.0, -200.0, -200.0, -200.0, -200.0]","[tensor(8.0620), tensor(8.0971), tensor(8.1288), tensor(8.1394), tensor(8.1412), tensor(8.1410), tensor(8.1407), tensor(8.1400), tensor(8.1388), tensor(8.1375)]","[None, 0.9704942107200623, 1.3613165616989136, 1.4651228189468384, 1.475354790687561, 1.4723968505859375, 1.4615927934646606, 1.4497700929641724, 1.4349497556686401, 1.420847773551941]",99.99999999999991
50,MountainCar-v0,64,250,128,0.0001,10000,0.99,0,"[-200.0, -200.0, -200.0, -200.0, -200.0, -200.0, -200.0, -200.0, -200.0, -200.0]","[tensor(8.0620), tensor(8.0971), tensor(8.1288), tensor(8.1394), tensor(8.1412), tensor(8.1410), tensor(8.1407), tensor(8.1400), tensor(8.1388), tensor(8.1375)]","[None, 0.9704942107200623, 1.3613165616989136, 1.4651228189468384, 1.475354790687561, 1.4723968505859375, 1.4615927934646606, 1.4497700929641724, 1.4349497556686401, 1.420847773551941]",99.99999999999991
51,MountainCar-v0,64,250,128,0.0001,20000,0.99,0,"[-200.0, -200.0, -200.0, -200.0, -200.0, -200.0, -200.0, -200.0, -200.0, -200.0]","[tensor(8.0620), tensor(8.0971), tensor(8.1288), tensor(8.1394), tensor(8.1412), tensor(8.1410), tensor(8.1407), tensor(8.1400), tensor(8.1388), tensor(8.1375)]","[None, 0.9704942107200623, 1.3613165616989136, 1.4651228189468384, 1.475354790687561, 1.4723968505859375, 1.4615927934646606, 1.4497700929641724, 1.4349497556686401, 1.420847773551941]",99.99999999999991
52,MountainCar-v0,64,250,128,0.0001,64,0.99,0,"[-200.0, -200.0, -200.0, -200.0, -200.0, -200.0, -200.0, -200.0, -200.0, -200.0]","[tensor(8.0635), tensor(8.0883), tensor(8.1122), tensor(8.1253), tensor(8.1308), tensor(8.1288), tensor(8.1280), tensor(8.1266), tensor(8.1265), tensor(8.1262)]","[None, 0.8192858695983887, 1.1998546123504639, 1.2059803009033203, 1.2845202684402466, 1.2045116424560547, 1.1895726919174194, 1.2015050649642944, 1.118335247039795, 1.1447871923446655]",99.99999999999991
53,MountainCar-v0,64,250,128,0.0001,5000,0.99,0,"[-200.0, -200.0, -200.0, -200.0, -200.0, -200.0, -200.0, -200.0, -200.0, -200.0]","[tensor(8.0620), tensor(8.0971), tensor(8.1288), tensor(8.1394), tensor(8.1412), tensor(8.1410), tensor(8.1407), tensor(8.1400), tensor(8.1388), tensor(8.1375)]","[None, 0.9704942107200623, 1.3613165616989136, 1.4651228189468384, 1.475354790687561, 1.4723968505859375, 1.4615927934646606, 1.4497700929641724, 1.4349497556686401, 1.420847773551941]",99.99999999999991
54,MountainCar-v0,64,250,128,0.0001,10000,0.99,0,"[-200.0, -200.0, -200.0, -200.0, -200.0, -200.0, -200.0, -200.0, -200.0, -200.0]","[tensor(8.0620), tensor(8.0971), tensor(8.1288), tensor(8.1394), tensor(8.1412), tensor(8.1410), tensor(8.1407), tensor(8.1400), tensor(8.1388), tensor(8.1375)]","[None, 0.9704942107200623, 1.3613165616989136, 1.4651228189468384, 1.475354790687561, 1.4723968505859375, 1.4615927934646606, 1.4497700929641724, 1.4349497556686401, 1.420847773551941]",99.99999999999991
55,MountainCar-v0,64,250,128,0.0001,20000,0.99,0,"[-200.0, -200.0, -200.0, -200.0, -200.0, -200.0, -200.0, -200.0, -200.0, -200.0]","[tensor(8.0620), tensor(8.0971), tensor(8.1288), tensor(8.1394), tensor(8.1412), tensor(8.1410), tensor(8.1407), tensor(8.1400), tensor(8.1388), tensor(8.1375)]","[None, 0.9704942107200623, 1.3613165616989136, 1.4651228189468384, 1.475354790687561, 1.4723968505859375, 1.4615927934646606, 1.4497700929641724, 1.4349497556686401, 1.420847773551941]",99.99999999999991
56,MountainCar-v0,64,250,128,0.0001,64,0.99,1,"[-200.0, -200.0, -200.0, -200.0, -200.0, -200.0, -200.0, -200.0, -200.0, -200.0]","[tensor(7.9376), tensor(7.9578), tensor(7.9832), tensor(8.0020), tensor(8.0114), tensor(8.0144), tensor(8.0158), tensor(8.0168), tensor(8.0174), tensor(8.0173)]","[None, 0.6675871014595032, 0.9091334939002991, 1.0788943767547607, 1.173121690750122, 1.178181529045105, 1.1707485914230347, 1.1620147228240967, 1.1994723081588745, 1.1986652612686157]",99.99999999999991
57,MountainCar-v0,64,250,128,0.0001,5000,0.99,1,"[-200.0, -200.0, -200.0, -200.0, -200.0, -200.0, -200.0, -200.0, -200.0, -200.0]","[tensor(7.9367), tensor(7.9621), tensor(7.9949), tensor(8.0176), tensor(8.0252), tensor(8.0264), tensor(8.0265), tensor(8.0261), tensor(8.0255), tensor(8.0248)]","[None, 0.8554117679595947, 1.1213465929031372, 1.3090386390686035, 1.3655800819396973, 1.367496371269226, 1.3634822368621826, 1.3475489616394043, 1.3325860500335693, 1.31644868850708]",99.99999999999991
58,MountainCar-v0,64,250,128,0.0001,10000,0.99,1,"[-200.0, -200.0, -200.0, -200.0, -200.0, -200.0, -200.0, -200.0, -200.0, -200.0]","[tensor(7.9367), tensor(7.9621), tensor(7.9949), tensor(8.0176), tensor(8.0252), tensor(8.0264), tensor(8.0265), tensor(8.0261), tensor(8.0255), tensor(8.0248)]","[None, 0.8554117679595947, 1.1213465929031372, 1.3090386390686035, 1.3655800819396973, 1.367496371269226, 1.3634822368621826, 1.3475489616394043, 1.3325860500335693, 1.31644868850708]",99.99999999999991
59,MountainCar-v0,64,250,128,0.0001,20000,0.99,1,"[-200.0, -200.0, -200.0, -200.0, -200.0, -200.0, -200.0, -200.0, -200.0, -200.0]","[tensor(7.9367), tensor(7.9621), tensor(7.9949), tensor(8.0176), tensor(8.0252), tensor(8.0264), tensor(8.0265), tensor(8.0261), tensor(8.0255), tensor(8.0248)]","[None, 0.8554117679595947, 1.1213465929031372, 1.3090386390686035, 1.3655800819396973, 1.367496371269226, 1.3634822368621826, 1.3475489616394043, 1.3325860500335693, 1.31644868850708]",99.99999999999991
60,MountainCar-v0,64,250,128,0.0001,64,0.99,1,"[-200.0, -200.0, -200.0, -200.0, -200.0, -200.0, -200.0, -200.0, -200.0, -200.0]","[tensor(7.9376), tensor(7.9578), tensor(7.9832), tensor(8.0020), tensor(8.0114), tensor(8.0144), tensor(8.0158), tensor(8.0168), tensor(8.0174), tensor(8.0173)]","[None, 0.6675871014595032, 0.9091334939002991, 1.0788943767547607, 1.173121690750122, 1.178181529045105, 1.1707485914230347, 1.1620147228240967, 1.1994723081588745, 1.1986652612686157]",99.99999999999991
61,MountainCar-v0,64,250,128,0.0001,5000,0.99,1,"[-200.0, -200.0, -200.0, -200.0, -200.0, -200.0, -200.0, -200.0, -200.0, -200.0]","[tensor(7.9367), tensor(7.9621), tensor(7.9949), tensor(8.0176), tensor(8.0252), tensor(8.0264), tensor(8.0265), tensor(8.0261), tensor(8.0255), tensor(8.0248)]","[None, 0.8554117679595947, 1.1213465929031372, 1.3090386390686035, 1.3655800819396973, 1.367496371269226, 1.3634822368621826, 1.3475489616394043, 1.3325860500335693, 1.31644868850708]",99.99999999999991
62,MountainCar-v0,64,250,128,0.0001,10000,0.99,1,"[-200.0, -200.0, -200.0, -200.0, -200.0, -200.0, -200.0, -200.0, -200.0, -200.0]","[tensor(7.9367), tensor(7.9621), tensor(7.9949), tensor(8.0176), tensor(8.0252), tensor(8.0264), tensor(8.0265), tensor(8.0261), tensor(8.0255), tensor(8.0248)]","[None, 0.8554117679595947, 1.1213465929031372, 1.3090386390686035, 1.3655800819396973, 1.367496371269226, 1.3634822368621826, 1.3475489616394043, 1.3325860500335693, 1.31644868850708]",99.99999999999991
63,MountainCar-v0,64,250,128,0.0001,20000,0.99,1,"[-200.0, -200.0, -200.0, -200.0, -200.0, -200.0, -200.0, -200.0, -200.0, -200.0]","[tensor(7.9367), tensor(7.9621), tensor(7.9949), tensor(8.0176), tensor(8.0252), tensor(8.0264), tensor(8.0265), tensor(8.0261), tensor(8.0255), tensor(8.0248)]","[None, 0.8554117679595947, 1.1213465929031372, 1.3090386390686035, 1.3655800819396973, 1.367496371269226, 1.3634822368621826, 1.3475489616394043, 1.3325860500335693, 1.31644868850708]",99.99999999999991
64,MountainCar-v0,64,250,128,0.0001,64,0.99,2,"[-200.0, -200.0, -200.0, -200.0, -92.0, -200.0, -200.0, -200.0, -200.0, -200.0]","[tensor(7.8915), tensor(7.9379), tensor(7.9731), tensor(8.0000), tensor(8.0058), tensor(8.0229), tensor(8.0259), tensor(8.0289), tensor(8.0292), tensor(8.0294)]","[None, 0.8774136304855347, 1.299951195716858, 1.3218588829040527, 1.4521516561508179, 1.4518691301345825, 1.434827208518982, 1.36862313747406, 1.359493374824524, 1.3365601301193237]",99.99999999999991
65,MountainCar-v0,64,250,128,0.0001,5000,0.99,2,"[-200.0, -200.0, -200.0, -200.0, -200.0, -200.0, -200.0, -200.0, -200.0, -200.0]","[tensor(7.8978), tensor(7.9537), tensor(8.0011), tensor(8.0229), tensor(8.0291), tensor(8.0308), tensor(8.0316), tensor(8.0326), tensor(8.0335), tensor(8.0343)]","[None, 0.9679740071296692, 1.3176058530807495, 1.462716817855835, 1.4918055534362793, 1.4922056198120117, 1.486957311630249, 1.4771320819854736, 1.4705524444580078, 1.462651014328003]",99.99999999999991
66,MountainCar-v0,64,250,128,0.0001,10000,0.99,2,"[-200.0, -200.0, -200.0, -200.0, -200.0, -200.0, -200.0, -200.0, -200.0, -200.0]","[tensor(7.8978), tensor(7.9537), tensor(8.0011), tensor(8.0229), tensor(8.0291), tensor(8.0308), tensor(8.0316), tensor(8.0326), tensor(8.0335), tensor(8.0343)]","[None, 0.9679740071296692, 1.3176058530807495, 1.462716817855835, 1.4918055534362793, 1.4922056198120117, 1.486957311630249, 1.4771320819854736, 1.4705524444580078, 1.462651014328003]",99.99999999999991
67,MountainCar-v0,64,250,128,0.0001,20000,0.99,2,"[-200.0, -200.0, -200.0, -200.0, -200.0, -200.0, -200.0, -200.0, -200.0, -200.0]","[tensor(7.8978), tensor(7.9537), tensor(8.0011), tensor(8.0229), tensor(8.0291), tensor(8.0308), tensor(8.0316), tensor(8.0326), tensor(8.0335), tensor(8.0343)]","[None, 0.9679740071296692, 1.3176058530807495, 1.462716817855835, 1.4918055534362793, 1.4922056198120117, 1.486957311630249, 1.4771320819854736, 1.4705524444580078, 1.462651014328003]",99.99999999999991
68,MountainCar-v0,64,250,128,0.0001,64,0.99,2,"[-200.0, -200.0, -200.0, -200.0, -92.0, -200.0, -200.0, -200.0, -200.0, -200.0]","[tensor(7.8915), tensor(7.9379), tensor(7.9731), tensor(8.0000), tensor(8.0058), tensor(8.0229), tensor(8.0259), tensor(8.0289), tensor(8.0292), tensor(8.0294)]","[None, 0.8774136304855347, 1.299951195716858, 1.3218588829040527, 1.4521516561508179, 1.4518691301345825, 1.434827208518982, 1.36862313747406, 1.359493374824524, 1.3365601301193237]",99.99999999999991
69,MountainCar-v0,64,250,128,0.0001,5000,0.99,2,"[-200.0, -200.0, -200.0, -200.0, -200.0, -200.0, -200.0, -200.0, -200.0, -200.0]","[tensor(7.8978), tensor(7.9537), tensor(8.0011), tensor(8.0229), tensor(8.0291), tensor(8.0308), tensor(8.0316), tensor(8.0326), tensor(8.0335), tensor(8.0343)]","[None, 0.9679740071296692, 1.3176058530807495, 1.462716817855835, 1.4918055534362793, 1.4922056198120117, 1.486957311630249, 1.4771320819854736, 1.4705524444580078, 1.462651014328003]",99.99999999999991
70,MountainCar-v0,64,250,128,0.0001,10000,0.99,2,"[-200.0, -200.0, -200.0, -200.0, -200.0, -200.0, -200.0, -200.0, -200.0, -200.0]","[tensor(7.8978), tensor(7.9537), tensor(8.0011), tensor(8.0229), tensor(8.0291), tensor(8.0308), tensor(8.0316), tensor(8.0326), tensor(8.0335), tensor(8.0343)]","[None, 0.9679740071296692, 1.3176058530807495, 1.462716817855835, 1.4918055534362793, 1.4922056198120117, 1.486957311630249, 1.4771320819854736, 1.4705524444580078, 1.462651014328003]",99.99999999999991
71,MountainCar-v0,64,250,128,0.0001,20000,0.99,2,"[-200.0, -200.0, -200.0, -200.0, -200.0, -200.0, -200.0, -200.0, -200.0, -200.0]","[tensor(7.8978), tensor(7.9537), tensor(8.0011), tensor(8.0229), tensor(8.0291), tensor(8.0308), tensor(8.0316), tensor(8.0326), tensor(8.0335), tensor(8.0343)]","[None, 0.9679740071296692, 1.3176058530807495, 1.462716817855835, 1.4918055534362793, 1.4922056198120117, 1.486957311630249, 1.4771320819854736, 1.4705524444580078, 1.462651014328003]",99.99999999999991
